<?xml version="1.0" encoding="UTF-8"?>
<project-private xmlns="http://www.netbeans.org/ns/project-private/1">
    <editor-bookmarks xmlns="http://www.netbeans.org/ns/editor-bookmarks/2" lastBookmarkId="0"/>
    <open-files xmlns="http://www.netbeans.org/ns/projectui-open-files/2">
        <group>
            <file>file:/C:/Users/faiaz/Documents/COMP228Lab/COMP228Lab6/src/comp228lab6/Transaction.java</file>
            <file>file:/C:/Users/faiaz/Documents/COMP228Lab/COMP228Lab6/src/comp228lab6/Account.java</file>
            <file>file:/C:/Users/faiaz/Documents/COMP228Lab/COMP228Lab6/src/comp228lab6/COMP228Lab6.java</file>
            <file>file:/C:/Users/faiaz/Documents/COMP228Lab/COMP228Lab6/src/comp228lab6/AccountTest.java</file>
        </group>
    </open-files>
</project-private>
